Years_Experience,Education_Level,Skill_Rating,Base_Salary
1.1,Bachelor,3.5,39343
1.3,Bachelor,3.8,46205
1.5,Master,4.0,57081
2.0,Bachelor,3.2,43525
2.2,Master,4.2,64445
2.9,Bachelor,3.9,56642
3.0,PhD,4.5,93940
3.2,Master,4.1,61111
3.2,Bachelor,3.7,54445
3.7,Bachelor,4.0,60150
3.9,Master,4.3,67938
4.0,PhD,4.6,113812
4.0,Bachelor,3.8,56957
4.1,Master,4.0,57081
4.5,Bachelor,4.1,61111
4.9,Master,4.4,67938
5.1,Bachelor,4.2,66029
5.3,Master,4.5,83088
5.9,PhD,4.8,121872
6.0,Bachelor,4.3,91738
6.8,Master,4.6,98273
7.1,Bachelor,4.4,101302
7.9,Master,4.7,113812
8.2,PhD,4.9,153812
8.7,Bachelor,4.5,109431
9.0,Master,4.8,121111
9.5,PhD,5.0,173957
9.6,Master,4.9,135673
10.3,PhD,5.0,183957
10.5,Master,5.0,150523
